name,routine,flags,list,xpos,ypos,zpos,xrot,yrot,zrot,xscl,yscl,zscl
BOARDCOL,5EA210,2,2,0,-443.94769287109,679.96478271484,0,0,0,1,1,1
HAMMER,5EA9C0,6,2,-1.0181605815887,-1057.0260009766,1584.1004638672,0,0,0,1,1,1
3SPRING,6D9310,2,2,0.83916330337524,-996.5576171875,1513.8471679688,0,8000,0,1,1,1
BIGJUMP   ,6D7130,6,2,1.8023314476013,-958.02600097656,1616.3760986328,0,8000,0,10,1,1
