Name,Routine,Flags,List,XPos,YPos,ZPos,XRot,YRot,ZRot,XScl,YScl,ZScl
FRSTAGE,4B31D0,6,2,3197.2236328125,-931.01037597656,83.718925476074,0,4000,0,1,1,1
3SPRING,6D9310,2,2,3197.0756835938,-931.01037597656,118.44876098633,0,8000,0,1,1,1
GLIND_B,4B1B20,6,2,3195.3796386719,-763.21490478516,137.76788330078,0,4000,0,1,1,1
ITEMBOX   ,6C7C10,2,2,3195.0104980469,-683.21490478516,213.18792724609,0,8000,0,2,2565,1
